HOSTNAME,method,operation,perfVar,TimeVar,SizeVar
automata20,matrixMulCUBLAS,sgemm,2.3834173270 ,1237.3493652344 ,2949120000.0000000000 
automata20,matrixMulCUBLAS,sgemv,121.9422979799 ,16.1236648560 ,1966156800.0000000000 
automata20,reduction,reduction,294.0276031441 ,0.2282400131 ,0.0671088640 
automata20,scan,scan,85.4960348173 ,0.3188800049 ,0.0010485760 
automata20,SaxpyCUBLAS,saxpy,111.5922357131 ,33.2015266418 ,3.7050325871 
automata20,radixSortThrust,sort,8.5938093486 ,4.6545133591 ,0.0399999991 
automata20,radixSortThrust,sortByKey,11.3636134715 ,7.0400137901 ,0.0799999982 
