HOSTNAME,method,operation,perfVar,TimeVar,SizeVar
lynx06,matrixMulCUBLAS,sgemm,2.1397339464 ,1378.2647705078 ,2949120000.0000000000 
lynx06,matrixMulCUBLAS,sgemv,362.6798366319 ,5.4211912155 ,1966156800.0000000000 
lynx06,reduction,reduction,243.0424336372 ,0.2761199474 ,0.0671088640 
lynx06,scan,scan,96.8007968625 ,0.2816399956 ,0.0010485760 
lynx06,SaxpyCUBLAS,saxpy,128.8890060001 ,28.7459163666 ,3.7050325871 
lynx06,radixSortThrust,sort,11.4296254028 ,3.4996771812 ,0.0399999991 
lynx06,radixSortThrust,sortByKey,13.2023149568 ,6.0595431328 ,0.0799999982 
